{
    "flight": [
        {
            "flightName": "Indigo",
            "flightId": "8E-1011",
            "id": 1,
            "ancillaryServices": [
                "Ancillary_Service_1",
                "Ancillary_Service_2",
                "Ancillary_Service_3",
                "Ancillary_Service_4",
                "Ancillary_Service_5"
            ],
            "shoppingItems": [
                "Shopping Item 1",
                "Shopping Item 2"
,                "Shopping Item 3"
            ],
            "specialMeal": [
                "NormalMeal",
                "SpecialMeal"
            ],
           "departureTime": "07:15:00 GMT+0530 (ISD)",
           "departureFrom": "Bengaluru",
           "arrivalTo": "Mumbai",
           "arrivalTime": "09:30:00 GMT+0530 (ISD)",
           "duration": "02 hrs 15 min",
           "price": 3800,
           "image": "https://english.cdn.zeenews.com/sites/default/files/2020/07/02/869963-indigo-970.jpg",
           "passengers":  [
               {
                   "customerName": "Arun",
                   "customerId": 1,
                   "seatNumber": "5A",
                   "checkIn": true,
                   "wheelchair": false,
                   "category": "meals",
                   "infant": false,
                   "passport": "ARN1575",
                   "address": "Mumbai",
                   "DOB": "1975-10-19",
                   "ancillaryRequested": true,
                   "ancillaryService": [
                    "Ancillary_Service_2",
                    "Ancillary_Service_3"
                   ],
                   "specialMeal": "NormalMeal",
                   "shoppingItems": [
                    "Shopping Item 3"
                   ]
               },
               {
                "customerName": "Ankita",
                "customerId": 2,
                "seatNumber": "8F",
                "checkIn": true,
                "wheelchair": false,
                "category": "meals",
                "infant": false,
                "passport": "ANK1515",
                "address": "Bokaro",
                "DOB": "1995-09-10",
                "ancillaryRequested": true,
                "ancillaryService": [
                 "Ancillary_Service_1",
                 "Ancillary_Service_5"
                ],
                "specialMeal": "NormalMeal",
                "shoppingItems": [
                 "Shopping Item 1",
                 "Shopping Item 2"
                ]
            },
            {
                "customerName": "Avinash",
                "customerId": 3,
                "seatNumber": "6D",
                "checkIn": false,
                "wheelchair": false,
                "category": "meals",
                "infant": false,
                "passport": "AVI1585",
                "address": "",
                "DOB": "1995-10-19",
                "ancillaryRequested": true,
                "ancillaryService": [
                 "Ancillary_Service_2",
                 "Ancillary_Service_4"
                ],
                "specialMeal": "SpecialMeal",
                "shoppingItems": [
                 "Shopping Item 1",
                 "Shopping Item 2"
                ]
            }

           ]

        },
        {
        "flightName": "AirAsia",
            "flightId": "AA33-1911",
            "id": 2,
            "ancillaryServices": [
                "Ancillary_Service_1",
                "Ancillary_Service_2",
                "Ancillary_Service_3"
            ],
            "shoppingItems": [
                "Shopping Item 1",
                "Shopping Item 2"
            ],
            "specialMeal": [
                "NormalMeal",
                "SpecialMeal"
            ],
           "departureTime": "12:30:00 GMT+0530 (ISD)",
           "departureFrom": "Hydreabad",
           "arrivalTo": "New Delhi",
           "arrivalTime": "03:00:00 GMT+0530 (ISD)",
           "duration": "02 hrs 30 min",
           "price": 4000,
           "image": "https://www.webintravel.com/wp-content/uploads/2018/10/A320_3.jpg",
           "passengers":  [
               {
                   "customerName": "Yash",
                   "customerId": 1,
                   "seatNumber": "3B",
                   "checkIn": true,
                   "wheelchair": true,
                   "category": "meals",
                   "infant": false,
                   "passport": "YSH1955",
                   "address": "Hyderabad",
                   "DOB": "1955-10-29",
                   "ancillaryRequested": true,
                   "ancillaryService": [
                    "Ancillary_Service_2",
                    "Ancillary_Service_3"
                   ],
                   "specialMeal": "NormalMeal",
                   "shoppingItems": [
                    "Shopping Item 1"
                   ]
               },
               {
                "customerName": "Riya",
                "customerId": 2,
                "seatNumber": "6E",
                "checkIn": true,
                "wheelchair": false,
                "category": "meals",
                "infant": true,
                "passport": "RYA1515",
                "address": "New Delhi",
                "DOB": "1999-11-17",
                "ancillaryRequested": true,
                "ancillaryService": [
                 "Ancillary_Service_1"
                ],
                "specialMeal": "SpecialMeal",
                "shoppingItems": [
                    "Shopping Item 2"
                ]
            },
            {
                "customerName": "Shreyas",
                "customerId": 3,
                "seatNumber": "9D",
                "checkIn": true,
                "wheelchair": false,
                "category": "meals",
                "infant": true,
                "passport": "SHR1589",
                "address": "",
                "DOB": "1975-12-19",
                "ancillaryRequested": true,
                "ancillaryService": [
                 "Ancillary_Service_2",
                 "Ancillary_Service_3"
                ],
                "specialMeal": "SpecialMeal",
                "shoppingItems": []
            },
            {
                "customerName": "Sanjay",
                "customerId": 4,
                "seatNumber": "5B",
                "checkIn": true,
                "wheelchair": false,
                "category": "meals",
                "infant": true,
                "passport": "SAN2589",
                "address": "Hyderabad",
                "DOB": "1975-12-19",
                "ancillaryRequested": true,
                "ancillaryService": [
                 "Ancillary_Service_1",
                 "Ancillary_Service_3"
                ],
                "specialMeal": "SpecialMeal",
                "shoppingItems": [
                    "Shopping Item 1"
                ]
            }

           ]

        },
        {
            "flightName": "Go-Air",
                "flightId": "GA13-1781",
                "id": 3,
                "ancillaryServices": [
                    "Ancillary_Service_1",
                    "Ancillary_Service_2",
                    "Ancillary_Service_3",
                    "Ancillary_Service_4"
                ],
                "shoppingItems": [
                    "Shopping Item 1",
                    "Shopping Item 2",
                    "Shopping Item 3",
                    "Shopping Item 4"
                ],
                "specialMeal": [
                    "NormalMeal",
                    "SpecialMeal"
                ],
               "departureTime": "15:10:00 GMT+0530 (ISD)",
               "departureFrom": "Chennai",
               "arrivalTo": "New Delhi",
               "arrivalTime": "18:00:00 GMT+0530 (ISD)",
               "duration": "03 hrs",
               "price": 4500,
               "image": "https://english.cdn.zeenews.com/sites/default/files/2020/06/10/865974-goairflight.png",
               "passengers":  [
                   {
                       "customerName": "Shivam",
                       "customerId": 1,
                       "seatNumber": "4B",
                       "checkIn": true,
                       "wheelchair": false,
                       "category": "meals",
                       "infant": false,
                       "passport": "SHI1755",
                       "address": "",
                       "DOB": "1985-05-09",
                       "ancillaryRequested": true,
                       "ancillaryService": [
                        "Ancillary_Service_2",
                        "Ancillary_Service_3",
                        "Ancillary_Service_4"
                       ],
                       "specialMeal": "NormalMeal",
                       "shoppingItems": [
                        "Shopping Item 1",
                        "Shopping Item 3",
                        "Shopping Item 4"
                       ]
                   },
                   {
                    "customerName": "Sumit",
                    "customerId": 2,
                    "seatNumber": "9E",
                    "checkIn": true,
                    "wheelchair": false,
                    "category": "meals",
                    "infant": false,
                    "passport": "SUM8510",
                    "address": "Chennai",
                    "DOB": "1989-01-17",
                    "ancillaryRequested": true,
                    "ancillaryService": [
                     "Ancillary_Service_1"
                    ],
                    "specialMeal": "SpecialMeal",
                    "shoppingItems": [
                        "Shopping Item 2"
                    ]
                },
                {
                    "customerName": "Kartick",
                    "customerId": 3,
                    "seatNumber": "3E",
                    "checkIn": true,
                    "wheelchair": false,
                    "category": "meals",
                    "infant": false,
                    "passport": "KAR1939",
                    "address": "Chennai",
                    "DOB": "1995-06-09",
                    "ancillaryRequested": true,
                    "ancillaryService": [
                     "Ancillary_Service_2",
                     "Ancillary_Service_3"
                    ],
                    "specialMeal": "NormalMeal",
                    "shoppingItems": []
                },
                {
                    "customerName": "Raj",
                    "customerId": 4,
                    "seatNumber": "7C",
                    "checkIn": true,
                    "wheelchair": false,
                    "category": "meals",
                    "infant": true,
                    "passport": "RAJ5589",
                    "address": "Noida",
                    "DOB": "",
                    "ancillaryRequested": true,
                    "ancillaryService": [
                     "Ancillary_Service_2",
                     "Ancillary_Service_3"
                    ],
                    "specialMeal": "NormalMeal",
                    "shoppingItems": [
                        "Shopping Item 1",
                        "Shopping Item 4"
                    ]
                }
    
            ]
    
        },
        {
            "flightName": "Go-Air",
                "flightId": "GA03-9981",
                "id": 4,
                "ancillaryServices": [
                    "Ancillary_Service_1",
                    "Ancillary_Service_2"
                ],
                "shoppingItems": [
                    "Shopping Item 1",
                    "Shopping Item 2",
                    "Shopping Item 3",
                    "Shopping Item 4"
                ],
                "specialMeal": [
                    "NormalMeal",
                    "SpecialMeal"
                ],
               "departureTime": "05:55:00 GMT+0530 (ISD)",
               "departureFrom": "Mumbai",
               "arrivalTo": "Kolkatta",
               "arrivalTime": "08:00:00 GMT+0530 (ISD)",
               "duration": "02 hrs 05 min",
               "price": 3100,
               "image": "https://english.cdn.zeenews.com/sites/default/files/2020/06/10/865974-goairflight.png",
               "passengers":  [
                   {
                       "customerName": "Ramesh",
                       "customerId": 1,
                       "seatNumber": "2C",
                       "checkIn": true,
                       "wheelchair": false,
                       "category": "meals",
                       "infant": true,
                       "passport": "RMH9745",
                       "address": "Chandigarh",
                       "DOB": "1987-12-23",
                       "ancillaryRequested": true,
                       "ancillaryService": [
                        "Ancillary_Service_2"
                       ],
                       "specialMeal": "NormalMeal",
                       "shoppingItems": [
                        "Shopping Item 1",
                        "Shopping Item 3",
                        "Shopping Item 4"
                       ]
                   },
                   {
                    "customerName": "Pradeep",
                    "customerId": 2,
                    "seatNumber": "4E",
                    "checkIn": false,
                    "wheelchair": false,
                    "category": "meals",
                    "infant": false,
                    "passport": "PRD2519",
                    "address": "",
                    "DOB": "1989-01-17",
                    "ancillaryRequested": true,
                    "ancillaryService": [
                     "Ancillary_Service_1"
                    ],
                    "specialMeal": "SpecialMeal",
                    "shoppingItems": [
                        "Shopping Item 2"
                    ]
                },
                {
                    "customerName": "Raj Lakshmi",
                    "customerId": 3,
                    "seatNumber": "1C",
                    "checkIn": true,
                    "wheelchair": false,
                    "category": "meals",
                    "infant": false,
                    "passport": "RLI9914",
                    "address": "Kolkatta",
                    "DOB": "1975-03-01",
                    "ancillaryRequested": true,
                    "ancillaryService": [
                     "Ancillary_Service_2"
                    ],
                    "specialMeal": "NormalMeal",
                    "shoppingItems": []
                },
                {
                    "customerName": "Abhishek",
                    "customerId": 4,
                    "seatNumber": "6F",
                    "checkIn": true,
                    "wheelchair": false,
                    "category": "meals",
                    "infant": true,
                    "passport": "ABH5589",
                    "address": "Ranchi",
                    "DOB": "1997-12-09",
                    "ancillaryRequested": true,
                    "ancillaryService": [
                     "Ancillary_Service_1",
                     "Ancillary_Service_2"
                    ],
                    "specialMeal": "NormalMeal",
                    "shoppingItems": [
                        "Shopping Item 1",
                        "Shopping Item 3"
                    ]
                }
    
            ]
    
        }

    ] 
}